I,pattern,epsilon,chi,objval,lbound,iteration,undercover,undercover_norm,cons,cons_norm,perf,perf_norm,max_auto,min_auto,mean_auto,lagrange,undercover_n,undercover_norm_n,cons_n,cons_norm_n,perf_n,perf_norm_n,max_auto_n,min_auto_n,mean_auto_n,lagrange_n
100,Medium,0.05,2,900.4,900.22553,80,900.4,9.004,533,5.33,4.4,0.044,-0.08857,-0.37857,-0.20984,900.226,938.46667,9.38467,725,7.25,42.46667,0.42467,0.15476,-0.37857,-0.11454,896
100,Medium,0.05,3,906.4,906.05425,116,906.4,9.064,402,4.02,8.4,0.084,0.1131,-0.29221,-0.08802,906.054,1047.14863,10.47149,725,7.25,151.14863,1.51149,0.07143,-0.50752,-0.23142,896
100,Medium,0.05,4,915.2,914.67191,152,915.2,9.152,390,3.9,19.2,0.192,0.6581,-0.18944,0.00132,914.672,1075.43,10.7543,725,7.25,179.43,1.7943,0.17749,-0.39381,-0.19721,896
100,Medium,0.05,5,921.9,921.17345,139,921.9,9.219,362,3.62,23.9,0.239,0.45604,-0.18944,0.00791,921.173,1143.89571,11.43896,725,7.25,247.89571,2.47896,0.03634,-0.45489,-0.21641,896
100,Medium,0.05,6,928.35,927.47436,147,928.35,9.2835,354,3.54,24.35,0.2435,0.6581,-0.18944,0.00302,927.474,1149.92833,11.49928,725,7.25,253.92833,2.53928,0.07143,-0.48413,-0.23107,896
100,Medium,0.05,7,935.9,935.02212,119,935.9,9.359,365,3.65,29.9,0.299,0.45604,-0.18944,-0.03628,935.022,1139.73333,11.39733,725,7.25,243.73333,2.43733,0.09643,-0.42857,-0.14624,896
100,Medium,0.05,8,949.69999,948.66208,134,949.69999,9.497,320,3.2,37.69999,0.377,0.45604,-0.23292,-0.03754,948.662,1206.33636,12.06336,725,7.25,310.33636,3.10336,0.03634,-0.42857,-0.18797,896
100,Medium,0.05,9,956.2,955.11955,104,956.2,9.562,324,3.24,45.2,0.452,0.29752,-0.18944,-0.01882,955.12,1185.85593,11.85856,725,7.25,289.85593,2.89856,0.13203,-0.42857,-0.20119,896
100,Medium,0.05,10,962.65,961.57729,116,962.65,9.6265,305,3.05,40.65,0.4065,0.44643,-0.23292,-0.03689,961.577,1185.7,11.857,725,7.25,289.7,2.897,0.07143,-0.45489,-0.16642,896