I,pattern,epsilon,chi,objval,lbound,iteration,undercover,undercover_norm,cons,cons_norm,perf,perf_norm,max_auto,min_auto,mean_auto,lagrange,undercover_n,undercover_norm_n,cons_n,cons_norm_n,perf_n,perf_norm_n,max_auto_n,min_auto_n,mean_auto_n,lagrange_n
100,Medium,0.05,3,906.4,906.05425,116,906.4,9.064,402,4.02,8.4,0.084,0.1131,-0.29221,-0.08802,906.054,1036.513889,10.36513889,702.2222222,7.022222222,140.5138889,1.405138889,0.05404,-0.42857,-0.18817,896
100,Medium,0.05,4,915.2,914.67191,152,915.2,9.152,390,3.9,19.2,0.192,0.6581,-0.18944,0.00132,914.672,1095.572222,10.95572222,702.2222222,7.022222222,199.5722222,1.995722222,0.05404,-0.42857,-0.18817,896
100,Medium,0.05,5,921.9,921.17345,139,921.9,9.219,362,3.62,23.9,0.239,0.45604,-0.18944,0.00791,921.173,1114.661111,11.14661111,702.2222222,7.022222222,218.6611111,2.186611111,0.05404,-0.42857,-0.18817,896
100,Medium,0.05,6,928.35,927.47436,147,928.35,9.2835,354,3.54,24.35,0.2435,0.6581,-0.18944,0.00302,927.474,1124.238889,11.24238889,702.2222222,7.022222222,228.2388889,2.282388889,0.05404,-0.42857,-0.18817,896
100,Medium,0.05,7,935.9,935.02212,119,935.9,9.359,365,3.65,29.9,0.299,0.45604,-0.18944,-0.03628,935.022,1147.563889,11.47563889,702.2222222,7.022222222,251.5638889,2.515638889,0.05404,-0.42857,-0.18817,896
100,Medium,0.05,8,949.69999,948.66208,134,949.69999,9.497,320,3.2,37.69999,0.377,0.45604,-0.23292,-0.03754,948.662,1170.716667,11.70716667,702.2222222,7.022222222,274.7166667,2.747166667,0.05404,-0.42857,-0.18817,896
