I,epsilon,chi,undercover_norm,cons_norm,understaffing_norm,perf_norm,undercover_norm_n,cons_norm_n,understaffing_norm_n,perf_norm_n
100,0.04,3,9.0436,4.3098,9.0023,0.04132,9.957893069,7.089603947,8.96,0.997893069
100,0.04,4,9.1196,3.8603,8.7036,0.41604,10.38454257,7.089603947,8.96,1.424542574
100,0.04,5,9.1688,3.6399,9.0014,0.16741,10.74383762,7.089603947,8.96,1.783837623
100,0.04,6,9.2268,3.57584,9.0448,0.18205,10.97109703,7.089603947,8.96,2.011097029
100,0.04,7,9.2904,3.67515,9.051,0.23941,11.11451485,7.089603947,8.96,2.154514851
